<?xml version="1.0" encoding="UTF-8"?>
<beans xmlns="http://www.springframework.org/schema/beans"
       xmlns:xsi="http://www.w3.org/2001/XMLSchema-instance"
       xmlns:context="http://www.springframework.org/schema/context"
       xmlns:rabbit="http://www.springframework.org/schema/rabbit"
       xsi:schemaLocation="http://www.springframework.org/schema/beans
     http://www.springframework.org/schema/beans/spring-beans-4.2.xsd
     http://www.springframework.org/schema/context
     http://www.springframework.org/schema/context/spring-context-4.2.xsd
     http://www.springframework.org/schema/rabbit
     http://www.springframework.org/schema/rabbit/spring-rabbit-1.2.xsd">


    <!--    加载配置文件  -->
    <context:property-placeholder location="classpath:application.properties"/>

    <!--定义rabbitmq connectionFactory-->
    <rabbit:connection-factory id="connectionFactory" host="${spring.rabbitmq.host}"
                               port="${spring.rabbitmq.port}"
                               username="${spring.rabbitmq.username}"
                               password="${spring.rabbitmq.password}"/>

    <!-- 定义管理交换机-->
    <rabbit:admin connection-factory="connectionFactory"/>

    <!--    定义持久化队列，不存在则自动创建，不绑定到交换机则绑定到默认交换机，默认交换机类型为-direct,名字为""，路由键为队列的名称 -->
    <rabbit:queue id="spring_queue" name="spring_queue" auto-declare="true"/>


    <!--    定义广播交换机中的持久化队列，不存在则自动创建-->
    <rabbit:queue id="spring_fanout_queue1" name="spring_fanout_queue1" auto-declare="true"/>
    <rabbit:queue id="spring_fanout_queue2" name="spring_fanout_queue2" auto-declare="true"/>

    <!--    定义广播类型交换机，并绑定队列-->
    <rabbit:fanout-exchange id="spring_fanout_exchange" name="spring_fanout_exchange" auto-declare="true">
        <rabbit:bindings>
            <rabbit:binding queue="spring_fanout_queue1"/>
            <rabbit:binding queue="spring_fanout_queue2"/>
        </rabbit:bindings>
    </rabbit:fanout-exchange>


    <!--    通配符部分-->
    <!--    定义广播交换机中的持久化队列，不存在则自动创建-->
    <rabbit:queue id="spring_topic_queue_start" name="spring_topic_queue_start" auto-declare="true"/>
    <rabbit:queue id="spring_topic_queue_well" name="spring_topic_queue_well" auto-declare="true"/>
    <rabbit:queue id="spring_topic_queue_well2" name="spring_topic_queue_well2" auto-declare="true"/>
    <rabbit:topic-exchange name="spring_topic_exchange">
        <rabbit:bindings>
            <rabbit:binding pattern="january.*" queue="spring_topic_queue_start"/>
            <rabbit:binding pattern="january.#" queue="spring_topic_queue_well"/>
            <rabbit:binding pattern="yunlong.#" queue="spring_topic_queue_well2"/>
        </rabbit:bindings>
    </rabbit:topic-exchange>


    <!--    定义rabbitTemplate对象操作可以在代码中方便发送消息-->

    <rabbit:template id="rabbitTemplate" connection-factory="connectionFactory"/>

    <!-- 模板:用于发消息(用于发消息！) 属性：id(必须)  connection-factory。
service 类里面（发消息）  RabbitTemplate rabbitTemplate;
 rabbitTemplate.convertAndSend("miaosha(发给哪一个对列)",username+":iphone"(对列的内容)); -->


    <!--    &lt;!&ndash; 收消息 &ndash;&gt;-->
    <!--    <bean id="miaoshaListener" class="com.mq.MiaoshaListen"></bean>-->

    <!--    &lt;!&ndash; 注册监听器 &ndash;&gt;-->
    <!--    <bean class="org.springframework.amqp.rabbit.listener.SimpleMessageListenerContainer">-->
    <!--        <property name="queueNames" value="miaosha"></property>-->
    <!--        <property name="messageListener" ref="miaoshaListener"></property>-->
    <!--        <property name="connectionFactory" ref="conn"></property>-->
    <!--    </bean>-->


</beans>